Workbook

Sheet DASHBOARD_BigPicture
A1: VSCode PR REVIEW PLUGIN — EXECUTIVE KPI DASHBOARD (All Value Chains)
A2: Demo Data | 6-Month Trend | Pulls live from all DATA_ sheets
A4: HIGHER MGMT | D4: MID MGMT | G4: DEVELOPERS | J4: PR REVIEWERS | M4: NEW JOINEES
A5: Adoption Rate | D5: Checklist Rate | G5: Pre-Review % | J5: AI Pre-Val % | M5: Self-Rev/Wk
A6: =DATA_HigherMgmt!C8/DATA_HigherMgmt!B8 -> 0.87 | D6: =DATA_MidMgmt!C8/DATA_MidMgmt!B8 -> 0.95555556 | G6: =DATA_Developers!C8/DATA_Developers!B8 -> 0.78888889 | J6: =DATA_PRReviewers!C8/DATA_PRReviewers!B8 -> 0.82222222 | M6: =DATA_NewJoinees!C8 -> 4.2
A7: Reviews M6 | D7: MRA Rate | G7: Rework ↓ | J7: Human Cmts/PR | M7: Days 1st PR
A8: =DATA_HigherMgmt!D8 -> 248 | D8: =DATA_MidMgmt!D8/100 -> 0.956 | G8: =DATA_Developers!D8 -> 26 | J8: =DATA_PRReviewers!D8 -> 2.9 | M8: =DATA_NewJoinees!D8 -> 3.6
A9: Jira+AC M6 | D9: Avg Cycles | G9: Hrs to Approval | J9: Reviewer Hrs/PR | M9: Senior Hrs
A10: =DATA_HigherMgmt!G8 -> 56 | D10: =DATA_MidMgmt!E8 -> 1.6 | G10: =DATA_Developers!E8 -> 12.4 | J10: =DATA_PRReviewers!E8 -> 1.2 | M10: =DATA_NewJoinees!F8 -> 5
A12: BUSINESS OUTCOME KPIs — 6-Month Summary
A13: Business KPI | B13: M1 Baseline | C13: M6 Current | D13: Change | E13: Target | F13: Status
A14: Mean Time to Merge (MTTM) | B14: 28.4 hrs | C14: =DATA_Developers!E8&" hrs" -> 12.4 hrs | E14: < 20 hrs | F14: 🟡 Improving
A15: Copilot Adoption Rate | B15: =DATA_HigherMgmt!C3/DATA_HigherMgmt!B3 -> 0.26 | C15: =DATA_HigherMgmt!C8/DATA_HigherMgmt!B8 -> 0.87 | E15: > 70% | F15: 🟢 On Track
A16: PR Review Cycles (Avg) | B16: =DATA_MidMgmt!E3 -> 3.2 | C16: =DATA_MidMgmt!E8 -> 1.6 | E16: < 2.0 | F16: 🟢 On Track
A17: Human Comments per PR | B17: =DATA_PRReviewers!D3 -> 7.2 | C17: =DATA_PRReviewers!D8 -> 2.9 | E17: < 3.0 | F17: 🟢 On Track
A18: New Joinee First PR (Days) | B18: =DATA_NewJoinees!D3 -> 9.4 | C18: =DATA_NewJoinees!D8 -> 3.6 | E18: < 5 days | F18: 🟡 Improving
A19: AI Pre-Validation Rate | B19: =DATA_PRReviewers!C3/DATA_PRReviewers!B3 -> 0.23333333 | C19: =DATA_PRReviewers!C8/DATA_PRReviewers!B8 -> 0.82222222 | E19: > 80% | F19: 🟡 Improving

Sheet DATA_HigherMgmt
A1: DATA — Higher Management KPIs (Demo Data)
A2: Month | B2: Licensed Seats | C2: Active Users (Plugin) | D2: Reviews Triggered (Plugin Labels) | E2: Self Reviews | F2: PR Reviews | G2: Jira+AC Reviews
A3: Month 1 | B3: 200 | C3: 52 | D3: 38 | E3: 18 | F3: 14 | G3: 6
A4: Month 2 | B4: 200 | C4: 80 | D4: 74 | E4: 34 | F4: 28 | G4: 12
A5: Month 3 | B5: 200 | C5: 110 | D5: 115 | E5: 52 | F5: 42 | G5: 21
A6: Month 4 | B6: 200 | C6: 138 | D6: 162 | E6: 68 | F6: 62 | G6: 32
A7: Month 5 | B7: 200 | C7: 158 | D7: 205 | E7: 82 | F7: 82 | G7: 41
A8: Month 6 | B8: 200 | C8: 174 | D8: 248 | E8: 94 | F8: 98 | G8: 56

Sheet DATA_MidMgmt
A1: DATA — Mid Management KPIs (Demo Data)
A2: Month | B2: PRs Raised | C2: Checklist Completed | D2: MRA Resolution Rate (%) | E2: Avg Review Cycles | F2: Recurring Issues Flagged
A3: Month 1 | B3: 120 | C3: 84 | D3: 70 | E3: 3.2 | F3: 28
A4: Month 2 | B4: 135 | C4: 108 | D4: 80 | E4: 2.8 | F4: 41
A5: Month 3 | B5: 148 | C5: 130 | D5: 87.8 | E5: 2.4 | F5: 52
A6: Month 4 | B6: 160 | C6: 147 | D6: 91.9 | E6: 2.1 | F6: 48
A7: Month 5 | B7: 172 | C7: 162 | D7: 94.2 | E7: 1.8 | F7: 39
A8: Month 6 | B8: 180 | C8: 172 | D8: 95.6 | E8: 1.6 | F8: 31

Sheet DATA_Developers
A1: DATA — Developer KPIs (Demo Data)
A2: Month | B2: PRs Raised | C2: PRs with Self/AC Review Before | D2: Rework Commits | E2: Avg Hours PR→Approval | F2: AC Mismatch Caught Pre-Review
A3: Month 1 | B3: 120 | C3: 34 | D3: 62 | E3: 28.4 | F3: 8
A4: Month 2 | B4: 135 | C4: 58 | D4: 54 | E4: 24.2 | F4: 17
A5: Month 3 | B5: 148 | C5: 82 | D5: 44 | E5: 20.6 | F5: 29
A6: Month 4 | B6: 160 | C6: 104 | D6: 38 | E6: 17.2 | F6: 38
A7: Month 5 | B7: 172 | C7: 124 | D7: 32 | E7: 14.8 | F7: 44
A8: Month 6 | B8: 180 | C8: 142 | D8: 26 | E8: 12.4 | F8: 52

Sheet DATA_PRReviewers
A1: DATA — PR Reviewer KPIs (Demo Data)
A2: Month | B2: PRs Reviewed | C2: PRs Pre-Validated by AI (AC) | D2: Avg Human Comments/PR | E2: Avg Reviewer Hours/PR | F2: Checklist Disputes
A3: Month 1 | B3: 120 | C3: 28 | D3: 7.2 | E3: 2.8 | F3: 12
A4: Month 2 | B4: 135 | C4: 52 | D4: 6.1 | E4: 2.4 | F4: 9
A5: Month 3 | B5: 148 | C5: 78 | D5: 5.2 | E5: 2 | F5: 7
A6: Month 4 | B6: 160 | C6: 104 | D6: 4.4 | E6: 1.7 | F6: 5
A7: Month 5 | B7: 172 | C7: 128 | D7: 3.6 | E7: 1.4 | F7: 3
A8: Month 6 | B8: 180 | C8: 148 | D8: 2.9 | E8: 1.2 | F8: 2

Sheet DATA_NewJoinees
A1: DATA — New Joinee KPIs (Demo Data)
A2: Month | B2: New Joinees | C2: Avg Self-Reviews/Week | D2: Avg First PR Approval (Days) | E2: Human Comments on NJ PRs | F2: Senior Hrs on NJ PRs
A3: Month 1 | B3: 12 | C3: 1.2 | D3: 9.4 | E3: 14.2 | F3: 22
A4: Month 2 | B4: 12 | C4: 1.8 | D4: 8.1 | E4: 11.8 | F4: 18
A5: Month 3 | B5: 12 | C5: 2.6 | D5: 6.8 | E5: 9.4 | F5: 14
A6: Month 4 | B6: 12 | C6: 3.2 | D6: 5.6 | E6: 7.2 | F6: 10
A7: Month 5 | B7: 12 | C7: 3.8 | D7: 4.4 | E7: 5.6 | F7: 7
A8: Month 6 | B8: 12 | C8: 4.2 | D8: 3.6 | E8: 4.2 | F8: 5

Sheet DASH_HigherMgmt
A1: HIGHER MANAGEMENT DASHBOARD — Copilot ROI & Adoption
A3: Licensed Seats | D3: Active Users M6 | G3: Adoption Rate | J3: Total Reviews M6
A4: =DATA_HigherMgmt!B8 -> 200 | D4: =DATA_HigherMgmt!C8 -> 174 | G4: =DATA_HigherMgmt!C8/DATA_HigherMgmt!B8 -> 0.87 | J4: =DATA_HigherMgmt!D8 -> 248
A6: Monthly Adoption Trend (pulls from DATA_HigherMgmt)
A7: Month | B7: Licensed | C7: Active Users | D7: Adoption % | E7: Self Reviews | F7: PR Reviews | G7: AC Reviews
A8: =DATA_HigherMgmt!A3 -> Month 1 | B8: =DATA_HigherMgmt!B3 -> 200 | C8: =DATA_HigherMgmt!C3 -> 52 | D8: =DATA_HigherMgmt!C3/DATA_HigherMgmt!B3 -> 0.26 | E8: =DATA_HigherMgmt!E3 -> 18 | F8: =DATA_HigherMgmt!F3 -> 14 | G8: =DATA_HigherMgmt!G3 -> 6
A9: =DATA_HigherMgmt!A4 -> Month 2 | B9: =DATA_HigherMgmt!B4 -> 200 | C9: =DATA_HigherMgmt!C4 -> 80 | D9: =DATA_HigherMgmt!C4/DATA_HigherMgmt!B4 -> 0.4 | E9: =DATA_HigherMgmt!E4 -> 34 | F9: =DATA_HigherMgmt!F4 -> 28 | G9: =DATA_HigherMgmt!G4 -> 12
A10: =DATA_HigherMgmt!A5 -> Month 3 | B10: =DATA_HigherMgmt!B5 -> 200 | C10: =DATA_HigherMgmt!C5 -> 110 | D10: =DATA_HigherMgmt!C5/DATA_HigherMgmt!B5 -> 0.55 | E10: =DATA_HigherMgmt!E5 -> 52 | F10: =DATA_HigherMgmt!F5 -> 42 | G10: =DATA_HigherMgmt!G5 -> 21
A11: =DATA_HigherMgmt!A6 -> Month 4 | B11: =DATA_HigherMgmt!B6 -> 200 | C11: =DATA_HigherMgmt!C6 -> 138 | D11: =DATA_HigherMgmt!C6/DATA_HigherMgmt!B6 -> 0.69 | E11: =DATA_HigherMgmt!E6 -> 68 | F11: =DATA_HigherMgmt!F6 -> 62 | G11: =DATA_HigherMgmt!G6 -> 32
A12: =DATA_HigherMgmt!A7 -> Month 5 | B12: =DATA_HigherMgmt!B7 -> 200 | C12: =DATA_HigherMgmt!C7 -> 158 | D12: =DATA_HigherMgmt!C7/DATA_HigherMgmt!B7 -> 0.79 | E12: =DATA_HigherMgmt!E7 -> 82 | F12: =DATA_HigherMgmt!F7 -> 82 | G12: =DATA_HigherMgmt!G7 -> 41
A13: =DATA_HigherMgmt!A8 -> Month 6 | B13: =DATA_HigherMgmt!B8 -> 200 | C13: =DATA_HigherMgmt!C8 -> 174 | D13: =DATA_HigherMgmt!C8/DATA_HigherMgmt!B8 -> 0.87 | E13: =DATA_HigherMgmt!E8 -> 94 | F13: =DATA_HigherMgmt!F8 -> 98 | G13: =DATA_HigherMgmt!G8 -> 56

Sheet DASH_MidMgmt
A1: MID MANAGEMENT DASHBOARD — Code Quality & Review Process
A3: Checklist Rate M6 | D3: MRA Resolution M6 | G3: Avg Review Cycles M6 | J3: Issues Flagged M6
A4: =DATA_MidMgmt!C8/DATA_MidMgmt!B8 -> 0.95555556 | D4: =DATA_MidMgmt!D8/100 -> 0.956 | G4: =DATA_MidMgmt!E8 -> 1.6 | J4: =DATA_MidMgmt!F8 -> 31
A6: Quality Trend Table (pulls from DATA_MidMgmt)
A7: Month | B7: PRs Raised | C7: Checklist Done | D7: MRA Rate % | E7: Avg Cycles | F7: Issues Flagged
A8: =DATA_MidMgmt!A3 -> Month 1 | B8: =DATA_MidMgmt!B3 -> 120 | C8: =DATA_MidMgmt!C3 -> 84 | D8: =DATA_MidMgmt!D3/100 -> 0.7 | E8: =DATA_MidMgmt!E3 -> 3.2 | F8: =DATA_MidMgmt!F3 -> 28
A9: =DATA_MidMgmt!A4 -> Month 2 | B9: =DATA_MidMgmt!B4 -> 135 | C9: =DATA_MidMgmt!C4 -> 108 | D9: =DATA_MidMgmt!D4/100 -> 0.8 | E9: =DATA_MidMgmt!E4 -> 2.8 | F9: =DATA_MidMgmt!F4 -> 41
A10: =DATA_MidMgmt!A5 -> Month 3 | B10: =DATA_MidMgmt!B5 -> 148 | C10: =DATA_MidMgmt!C5 -> 130 | D10: =DATA_MidMgmt!D5/100 -> 0.878 | E10: =DATA_MidMgmt!E5 -> 2.4 | F10: =DATA_MidMgmt!F5 -> 52
A11: =DATA_MidMgmt!A6 -> Month 4 | B11: =DATA_MidMgmt!B6 -> 160 | C11: =DATA_MidMgmt!C6 -> 147 | D11: =DATA_MidMgmt!D6/100 -> 0.919 | E11: =DATA_MidMgmt!E6 -> 2.1 | F11: =DATA_MidMgmt!F6 -> 48
A12: =DATA_MidMgmt!A7 -> Month 5 | B12: =DATA_MidMgmt!B7 -> 172 | C12: =DATA_MidMgmt!C7 -> 162 | D12: =DATA_MidMgmt!D7/100 -> 0.942 | E12: =DATA_MidMgmt!E7 -> 1.8 | F12: =DATA_MidMgmt!F7 -> 39
A13: =DATA_MidMgmt!A8 -> Month 6 | B13: =DATA_MidMgmt!B8 -> 180 | C13: =DATA_MidMgmt!C8 -> 172 | D13: =DATA_MidMgmt!D8/100 -> 0.956 | E13: =DATA_MidMgmt!E8 -> 1.6 | F13: =DATA_MidMgmt!F8 -> 31

Sheet DASH_Developers
A1: DEVELOPER DASHBOARD — Productivity & AC Review Adoption
A3: AC Reviews M6 | D3: Rework Commits M6 | G3: Avg Hrs to Approval M6 | J3: AC Mismatches Caught
A4: =DATA_Developers!C8/DATA_Developers!B8 -> 0.78888889 | D4: =DATA_Developers!D8 -> 26 | G4: =DATA_Developers!E8 -> 12.4 | J4: =DATA_Developers!F8 -> 52
A6: Developer Trend Table (pulls from DATA_Developers)
A7: Month | B7: PRs Raised | C7: Pre-Reviewed % | D7: Rework Commits | E7: Hrs PR→Approval | F7: AC Caught Pre
A8: =DATA_Developers!A3 -> Month 1 | B8: =DATA_Developers!B3 -> 120 | C8: =DATA_Developers!C3/DATA_Developers!B3 -> 0.28333333 | D8: =DATA_Developers!D3 -> 62 | E8: =DATA_Developers!E3 -> 28.4 | F8: =DATA_Developers!F3 -> 8
A9: =DATA_Developers!A4 -> Month 2 | B9: =DATA_Developers!B4 -> 135 | C9: =DATA_Developers!C4/DATA_Developers!B4 -> 0.42962963 | D9: =DATA_Developers!D4 -> 54 | E9: =DATA_Developers!E4 -> 24.2 | F9: =DATA_Developers!F4 -> 17
A10: =DATA_Developers!A5 -> Month 3 | B10: =DATA_Developers!B5 -> 148 | C10: =DATA_Developers!C5/DATA_Developers!B5 -> 0.55405405 | D10: =DATA_Developers!D5 -> 44 | E10: =DATA_Developers!E5 -> 20.6 | F10: =DATA_Developers!F5 -> 29
A11: =DATA_Developers!A6 -> Month 4 | B11: =DATA_Developers!B6 -> 160 | C11: =DATA_Developers!C6/DATA_Developers!B6 -> 0.65 | D11: =DATA_Developers!D6 -> 38 | E11: =DATA_Developers!E6 -> 17.2 | F11: =DATA_Developers!F6 -> 38
A12: =DATA_Developers!A7 -> Month 5 | B12: =DATA_Developers!B7 -> 172 | C12: =DATA_Developers!C7/DATA_Developers!B7 -> 0.72093023 | D12: =DATA_Developers!D7 -> 32 | E12: =DATA_Developers!E7 -> 14.8 | F12: =DATA_Developers!F7 -> 44
A13: =DATA_Developers!A8 -> Month 6 | B13: =DATA_Developers!B8 -> 180 | C13: =DATA_Developers!C8/DATA_Developers!B8 -> 0.78888889 | D13: =DATA_Developers!D8 -> 26 | E13: =DATA_Developers!E8 -> 12.4 | F13: =DATA_Developers!F8 -> 52

Sheet DASH_PRReviewers
A1: PR REVIEWER DASHBOARD — Review Efficiency & Quality Gate
A3: AI Pre-Validated M6 | D3: Human Comments/PR M6 | G3: Reviewer Hours/PR M6 | J3: Checklist Disputes M6
A4: =DATA_PRReviewers!C8/DATA_PRReviewers!B8 -> 0.82222222 | D4: =DATA_PRReviewers!D8 -> 2.9 | G4: =DATA_PRReviewers!E8 -> 1.2 | J4: =DATA_PRReviewers!F8 -> 2
A6: Reviewer Trend Table (pulls from DATA_PRReviewers)
A7: Month | B7: PRs Reviewed | C7: AI Pre-Validated % | D7: Human Comments/PR | E7: Reviewer Hrs/PR | F7: Disputes
A8: =DATA_PRReviewers!A3 -> Month 1 | B8: =DATA_PRReviewers!B3 -> 120 | C8: =DATA_PRReviewers!C3/DATA_PRReviewers!B3 -> 0.23333333 | D8: =DATA_PRReviewers!D3 -> 7.2 | E8: =DATA_PRReviewers!E3 -> 2.8 | F8: =DATA_PRReviewers!F3 -> 12
A9: =DATA_PRReviewers!A4 -> Month 2 | B9: =DATA_PRReviewers!B4 -> 135 | C9: =DATA_PRReviewers!C4/DATA_PRReviewers!B4 -> 0.38518519 | D9: =DATA_PRReviewers!D4 -> 6.1 | E9: =DATA_PRReviewers!E4 -> 2.4 | F9: =DATA_PRReviewers!F4 -> 9
A10: =DATA_PRReviewers!A5 -> Month 3 | B10: =DATA_PRReviewers!B5 -> 148 | C10: =DATA_PRReviewers!C5/DATA_PRReviewers!B5 -> 0.52702703 | D10: =DATA_PRReviewers!D5 -> 5.2 | E10: =DATA_PRReviewers!E5 -> 2 | F10: =DATA_PRReviewers!F5 -> 7
A11: =DATA_PRReviewers!A6 -> Month 4 | B11: =DATA_PRReviewers!B6 -> 160 | C11: =DATA_PRReviewers!C6/DATA_PRReviewers!B6 -> 0.65 | D11: =DATA_PRReviewers!D6 -> 4.4 | E11: =DATA_PRReviewers!E6 -> 1.7 | F11: =DATA_PRReviewers!F6 -> 5
A12: =DATA_PRReviewers!A7 -> Month 5 | B12: =DATA_PRReviewers!B7 -> 172 | C12: =DATA_PRReviewers!C7/DATA_PRReviewers!B7 -> 0.74418605 | D12: =DATA_PRReviewers!D7 -> 3.6 | E12: =DATA_PRReviewers!E7 -> 1.4 | F12: =DATA_PRReviewers!F7 -> 3
A13: =DATA_PRReviewers!A8 -> Month 6 | B13: =DATA_PRReviewers!B8 -> 180 | C13: =DATA_PRReviewers!C8/DATA_PRReviewers!B8 -> 0.82222222 | D13: =DATA_PRReviewers!D8 -> 2.9 | E13: =DATA_PRReviewers!E8 -> 1.2 | F13: =DATA_PRReviewers!F8 -> 2

Sheet DASH_NewJoinees
A1: NEW JOINEE DASHBOARD — Onboarding Quality & Ramp Speed
A3: Avg Self-Reviews/Wk M6 | D3: First PR Approval Days M6 | G3: Human Comments/NJ PR M6 | J3: Senior Hrs on NJ PRs M6
A4: =DATA_NewJoinees!C8 -> 4.2 | D4: =DATA_NewJoinees!D8 -> 3.6 | G4: =DATA_NewJoinees!E8 -> 4.2 | J4: =DATA_NewJoinees!F8 -> 5
A6: New Joinee Trend Table (pulls from DATA_NewJoinees)
A7: Month | B7: New Joinees | C7: Self-Reviews/Wk | D7: First PR Days | E7: Human Comments | F7: Senior Hrs
A8: =DATA_NewJoinees!A3 -> Month 1 | B8: =DATA_NewJoinees!B3 -> 12 | C8: =DATA_NewJoinees!C3 -> 1.2 | D8: =DATA_NewJoinees!D3 -> 9.4 | E8: =DATA_NewJoinees!E3 -> 14.2 | F8: =DATA_NewJoinees!F3 -> 22
A9: =DATA_NewJoinees!A4 -> Month 2 | B9: =DATA_NewJoinees!B4 -> 12 | C9: =DATA_NewJoinees!C4 -> 1.8 | D9: =DATA_NewJoinees!D4 -> 8.1 | E9: =DATA_NewJoinees!E4 -> 11.8 | F9: =DATA_NewJoinees!F4 -> 18
A10: =DATA_NewJoinees!A5 -> Month 3 | B10: =DATA_NewJoinees!B5 -> 12 | C10: =DATA_NewJoinees!C5 -> 2.6 | D10: =DATA_NewJoinees!D5 -> 6.8 | E10: =DATA_NewJoinees!E5 -> 9.4 | F10: =DATA_NewJoinees!F5 -> 14
A11: =DATA_NewJoinees!A6 -> Month 4 | B11: =DATA_NewJoinees!B6 -> 12 | C11: =DATA_NewJoinees!C6 -> 3.2 | D11: =DATA_NewJoinees!D6 -> 5.6 | E11: =DATA_NewJoinees!E6 -> 7.2 | F11: =DATA_NewJoinees!F6 -> 10
A12: =DATA_NewJoinees!A7 -> Month 5 | B12: =DATA_NewJoinees!B7 -> 12 | C12: =DATA_NewJoinees!C7 -> 3.8 | D12: =DATA_NewJoinees!D7 -> 4.4 | E12: =DATA_NewJoinees!E7 -> 5.6 | F12: =DATA_NewJoinees!F7 -> 7
A13: =DATA_NewJoinees!A8 -> Month 6 | B13: =DATA_NewJoinees!B8 -> 12 | C13: =DATA_NewJoinees!C8 -> 4.2 | D13: =DATA_NewJoinees!D8 -> 3.6 | E13: =DATA_NewJoinees!E8 -> 4.2 | F13: =DATA_NewJoinees!F8 -> 5
